﻿<?xml version="1.0" encoding="utf-8"?>
<ConfigData xmlns:xsi="http://www.w3.org/2001/XMLSchema-instance" xmlns:xsd="http://www.w3.org/2001/XMLSchema">
  <CscPath>C:\Windows\Microsoft.NET\Framework\v3.5\csc.exe</CscPath>
  <AutoCompilePath>..\Plugins\UnityInjector\AutoCompile2</AutoCompilePath>
  <OutPath>..\Plugins\UnityInjector</OutPath>
  <BaseOption>/t:library /unsafe /o /utf8output</BaseOption>
  <LibPath>
    <string>.</string>
    <string>..\Plugins\UnityInjector</string>
    <string>..\..\CM3D2x64_Data\Managed</string>
    <string>..\..\COM3D2x64_Data\Managed</string>
  </LibPath>
  <IgnoreDll>
    <string>Newtonsoft.Json.dll</string>
  </IgnoreDll>
</ConfigData>